RunId,iteration,Step,width,height,density,minority_pc,homophily,policy,follow_policy,perc_happy,segregation
0,0,24,50,50,0.75,0.4,3,similar_neighborhood,0.0,1.0,0.6538052155401809
44,2,19,50,50,0.75,0.4,3,similar_neighborhood,0.0,1.0,0.6563172043010753
11,0,23,50,50,0.75,0.4,3,different_neighborhood,0.0,1.0,0.6645822245875466
55,2,34,50,50,0.75,0.4,3,different_neighborhood,0.0,1.0,0.6613941018766756
22,1,36,50,50,0.75,0.4,3,similar_neighborhood,0.0,1.0,0.6586513329848406
33,1,45,50,50,0.75,0.4,3,different_neighborhood,0.0,1.0,0.6691334768568353
34,1,36,50,50,0.75,0.4,3,different_neighborhood,0.1,1.0,0.6566736183524504
12,0,61,50,50,0.75,0.4,3,different_neighborhood,0.1,1.0,0.6536128691983122
14,0,29,50,50,0.75,0.4,3,different_neighborhood,0.3,1.0,0.656763925729443
57,2,47,50,50,0.75,0.4,3,different_neighborhood,0.2,1.0,0.6524128686327078
40,1,27,50,50,0.75,0.4,3,different_neighborhood,0.7,1.0,0.678014553014553
66,3,29,50,50,0.75,0.4,3,similar_neighborhood,0.0,1.0,0.6398984500267236
38,1,60,50,50,0.75,0.4,3,different_neighborhood,0.5,1.0,0.6798551502145923
63,2,33,50,50,0.75,0.4,3,different_neighborhood,0.8,1.0,0.6863517060367454
61,2,88,50,50,0.75,0.4,3,different_neighborhood,0.6,1.0,0.6683403805496829
41,1,37,50,50,0.75,0.4,3,different_neighborhood,0.8,1.0,0.6831670168067226
17,0,106,50,50,0.75,0.4,3,different_neighborhood,0.6,1.0,0.6543760129659644
77,3,27,50,50,0.75,0.4,3,different_neighborhood,0.0,1.0,0.6584488272921108
64,2,28,50,50,0.75,0.4,3,different_neighborhood,0.9,1.0,0.7035826359832636
56,2,400,50,50,0.75,0.4,3,different_neighborhood,0.1,0.999450247388675,0.6536558548653106
23,1,400,50,50,0.75,0.4,3,similar_neighborhood,0.1,0.9989378651088688,0.654275092936803
58,2,400,50,50,0.75,0.4,3,different_neighborhood,0.3,0.9989206691851052,0.6672962763086886
13,0,400,50,50,0.75,0.4,3,different_neighborhood,0.2,0.9984042553191489,0.6613031914893617
42,1,400,50,50,0.75,0.4,3,different_neighborhood,0.9,0.9989310529128808,0.6818546231961518
15,0,400,50,50,0.75,0.4,3,different_neighborhood,0.4,0.998393144081414,0.6546598821638993
35,1,400,50,50,0.75,0.4,3,different_neighborhood,0.2,0.9978609625668449,0.6581550802139038
65,2,400,50,50,0.75,0.4,3,different_neighborhood,1.0,0.9994686503719448,0.6778692879914984
59,2,400,50,50,0.75,0.4,3,different_neighborhood,0.4,0.9979002624671915,0.6641732283464566
39,1,400,50,50,0.75,0.4,3,different_neighborhood,0.6,0.9983739837398374,0.6806233062330623
20,0,400,50,50,0.75,0.4,3,different_neighborhood,0.9,0.9984067976633032,0.6788369622942113
88,4,20,50,50,0.75,0.4,3,similar_neighborhood,0.0,1.0,0.6689011566771819
60,2,400,50,50,0.75,0.4,3,different_neighborhood,0.5,0.9973060344827587,0.6610991379310345
19,0,400,50,50,0.75,0.4,3,different_neighborhood,0.8,0.9983922829581994,0.6733654876741694
43,1,400,50,50,0.75,0.4,3,different_neighborhood,1.0,0.9989445910290238,0.700263852242744
16,0,400,50,50,0.75,0.4,3,different_neighborhood,0.5,0.9978260869565218,0.6736413043478261
37,1,400,50,50,0.75,0.4,3,different_neighborhood,0.4,0.9973262032085561,0.6695187165775401
36,1,400,50,50,0.75,0.4,3,different_neighborhood,0.3,0.9968404423380727,0.655608214849921
1,0,400,50,50,0.75,0.4,3,similar_neighborhood,0.1,0.9968619246861925,0.6589958158995816
62,2,400,50,50,0.75,0.4,3,different_neighborhood,0.7,0.9978779840848806,0.6790450928381963
45,2,400,50,50,0.75,0.4,3,similar_neighborhood,0.1,0.9967462039045553,0.6689262472885033
99,4,22,50,50,0.75,0.4,3,different_neighborhood,0.0,1.0,0.6611081226465841
78,3,400,50,50,0.75,0.4,3,different_neighborhood,0.1,0.9973600844772967,0.6630147835269271
100,4,30,50,50,0.75,0.4,3,different_neighborhood,0.1,1.0,0.6596739711384286
67,3,400,50,50,0.75,0.4,3,similar_neighborhood,0.1,0.9963215974776668,0.651602732527588
80,3,400,50,50,0.75,0.4,3,different_neighborhood,0.3,0.9973794549266247,0.6740041928721174
85,3,291,50,50,0.75,0.4,3,different_neighborhood,0.8,1.0,0.6888536714210248
101,4,75,50,50,0.75,0.4,3,different_neighborhood,0.2,1.0,0.6699363732767762
81,3,400,50,50,0.75,0.4,3,different_neighborhood,0.4,0.9978563772775991,0.6578242229367631
2,0,400,50,50,0.75,0.4,3,similar_neighborhood,0.2,0.9963331587218439,0.6502095337873232
87,3,302,50,50,0.75,0.4,3,different_neighborhood,1.0,1.0,0.7035809018567639
18,0,400,50,50,0.75,0.4,3,different_neighborhood,0.7,0.9956068094453597,0.657056562328391
21,0,400,50,50,0.75,0.4,3,different_neighborhood,1.0,0.9967105263157895,0.6791392543859649
79,3,400,50,50,0.75,0.4,3,different_neighborhood,0.2,0.9962426194310252,0.6561996779388084
110,5,41,50,50,0.75,0.4,3,similar_neighborhood,0.0,1.0,0.6492815327301756
46,2,400,50,50,0.75,0.4,3,similar_neighborhood,0.2,0.9956803455723542,0.6506479481641468
24,1,400,50,50,0.75,0.4,3,similar_neighborhood,0.2,0.9953027139874739,0.6338726513569938
84,3,400,50,50,0.75,0.4,3,different_neighborhood,0.7,0.9984193888303478,0.6751844046364595
108,4,46,50,50,0.75,0.4,3,different_neighborhood,0.9,1.0,0.6798523206751055
69,3,400,50,50,0.75,0.4,3,similar_neighborhood,0.3,0.9956896551724138,0.6437230603448276
121,5,17,50,50,0.75,0.4,3,different_neighborhood,0.0,1.0,0.6730150214592274
82,3,400,50,50,0.75,0.4,3,different_neighborhood,0.5,0.9956355701036552,0.6650300054555374
102,4,400,50,50,0.75,0.4,3,different_neighborhood,0.3,0.9989373007438895,0.6679064824654622
103,4,400,50,50,0.75,0.4,3,different_neighborhood,0.4,0.9989412387506618,0.6766807834833245
25,1,400,50,50,0.75,0.4,3,similar_neighborhood,0.3,0.9951272333513806,0.6285868976719003
83,3,400,50,50,0.75,0.4,3,different_neighborhood,0.6,0.9956592512208355,0.6623711340206185
68,3,400,50,50,0.75,0.4,3,similar_neighborhood,0.2,0.9951638903815153,0.6499193981730252
47,2,400,50,50,0.75,0.4,3,similar_neighborhood,0.3,0.9932397295891836,0.6459958398335933
122,5,37,50,50,0.75,0.4,3,different_neighborhood,0.1,1.0,0.6654704944178629
89,4,400,50,50,0.75,0.4,3,similar_neighborhood,0.1,0.9962141698215251,0.6377771768523526
107,4,400,50,50,0.75,0.4,3,different_neighborhood,0.8,0.9989229940764675,0.6746095853527194
123,5,120,50,50,0.75,0.4,3,different_neighborhood,0.2,1.0,0.6594067343666489
48,2,400,50,50,0.75,0.4,3,similar_neighborhood,0.4,0.9930220075147611,0.654320987654321
106,4,400,50,50,0.75,0.4,3,different_neighborhood,0.7,0.9983844911147012,0.682956381260097
86,3,400,50,50,0.75,0.4,3,different_neighborhood,0.9,0.9967532467532467,0.6893939393939394
132,6,21,50,50,0.75,0.4,3,similar_neighborhood,0.0,1.0,0.6593097913322632
127,5,27,50,50,0.75,0.4,3,different_neighborhood,0.6,1.0,0.6652070063694268
128,5,66,50,50,0.75,0.4,3,different_neighborhood,0.7,1.0,0.6661618942731278
130,5,22,50,50,0.75,0.4,3,different_neighborhood,0.9,1.0,0.6553581044695745
109,4,400,50,50,0.75,0.4,3,different_neighborhood,1.0,0.9973656480505796,0.702186512118019
126,5,237,50,50,0.75,0.4,3,different_neighborhood,0.5,1.0,0.6746010638297872
111,5,400,50,50,0.75,0.4,3,similar_neighborhood,0.1,0.9978471474703983,0.6644241119483315
131,5,40,50,50,0.75,0.4,3,different_neighborhood,1.0,1.0,0.6894426580921758
70,3,400,50,50,0.75,0.4,3,similar_neighborhood,0.4,0.9928806133625411,0.640881708652793
143,6,28,50,50,0.75,0.4,3,different_neighborhood,0.0,1.0,0.6687067589143161
4,0,400,50,50,0.75,0.4,3,similar_neighborhood,0.4,0.991005291005291,0.6484126984126984
105,4,400,50,50,0.75,0.4,3,different_neighborhood,0.6,0.9956803455723542,0.6861501079913607
124,5,400,50,50,0.75,0.4,3,different_neighborhood,0.3,0.9983792544570502,0.6616693679092382
144,6,59,50,50,0.75,0.4,3,different_neighborhood,0.1,1.0,0.6469876277568585
90,4,400,50,50,0.75,0.4,3,similar_neighborhood,0.2,0.99466097170315,0.6581687132941805
3,0,400,50,50,0.75,0.4,3,similar_neighborhood,0.3,0.9922037422037422,0.6521569646569647
5,0,400,50,50,0.75,0.4,3,similar_neighborhood,0.5,0.9925847457627118,0.6510858050847458
91,4,400,50,50,0.75,0.4,3,similar_neighborhood,0.3,0.9952102182011708,0.6556679084619479
49,2,400,50,50,0.75,0.4,3,similar_neighborhood,0.5,0.9924160346695557,0.6472101841820151
129,5,400,50,50,0.75,0.4,3,different_neighborhood,0.8,0.9989293361884368,0.6771948608137045
26,1,400,50,50,0.75,0.4,3,similar_neighborhood,0.4,0.9924771628156905,0.6209027404621171
147,6,35,50,50,0.75,0.4,3,different_neighborhood,0.4,1.0,0.6563163481953291
148,6,25,50,50,0.75,0.4,3,different_neighborhood,0.5,1.0,0.6658866354654186
154,7,24,50,50,0.75,0.4,3,similar_neighborhood,0.0,1.0,0.653804347826087
149,6,17,50,50,0.75,0.4,3,different_neighborhood,0.6,1.0,0.6757044125465178
112,5,400,50,50,0.75,0.4,3,similar_neighborhood,0.2,0.9951456310679612,0.6510248112189859
150,6,25,50,50,0.75,0.4,3,different_neighborhood,0.7,1.0,0.6793076109936576
133,6,400,50,50,0.75,0.4,3,similar_neighborhood,0.1,0.9978914074855034,0.6632841328413284
152,6,65,50,50,0.75,0.4,3,different_neighborhood,0.9,1.0,0.6982124079915878
28,1,400,50,50,0.75,0.4,3,similar_neighborhood,0.6,0.9904862579281184,0.6362315010570825
146,6,400,50,50,0.75,0.4,3,different_neighborhood,0.3,0.9994579945799458,0.6639566395663956
165,7,36,50,50,0.75,0.4,3,different_neighborhood,0.0,1.0,0.6835543766578249
166,7,55,50,50,0.75,0.4,3,different_neighborhood,0.1,1.0,0.6404164442071543
104,4,400,50,50,0.75,0.4,3,different_neighborhood,0.5,0.9907958852192745,0.6668922577152139
27,1,400,50,50,0.75,0.4,3,similar_neighborhood,0.5,0.9905113336847654,0.6498418555614127
167,7,76,50,50,0.75,0.4,3,different_neighborhood,0.2,1.0,0.655154091392136
113,5,400,50,50,0.75,0.4,3,similar_neighborhood,0.3,0.9946666666666667,0.6465333333333333
168,7,234,50,50,0.75,0.4,3,different_neighborhood,0.3,1.0,0.6706932773109243
51,2,400,50,50,0.75,0.4,3,similar_neighborhood,0.7,0.987152034261242,0.6419967880085653
151,6,400,50,50,0.75,0.4,3,different_neighborhood,0.8,0.9978891820580474,0.6970976253298153
145,6,400,50,50,0.75,0.4,3,different_neighborhood,0.2,0.9956896551724138,0.6721443965517241
92,4,400,50,50,0.75,0.4,3,similar_neighborhood,0.4,0.9915700737618546,0.6385669125395153
155,7,400,50,50,0.75,0.4,3,similar_neighborhood,0.1,0.9984034060670569,0.6540713145290048
176,8,21,50,50,0.75,0.4,3,similar_neighborhood,0.0,1.0,0.6536320254506893
134,6,400,50,50,0.75,0.4,3,similar_neighborhood,0.2,0.9951923076923077,0.6513087606837606
125,5,400,50,50,0.75,0.4,3,different_neighborhood,0.4,0.9918522542096686,0.6656708310700706
153,6,400,50,50,0.75,0.4,3,different_neighborhood,1.0,0.9972972972972973,0.6977027027027027
174,7,36,50,50,0.75,0.4,3,different_neighborhood,0.9,1.0,0.6593733117233928
71,3,400,50,50,0.75,0.4,3,similar_neighborhood,0.5,0.9866524292578751,0.6361452215696743
135,6,400,50,50,0.75,0.4,3,similar_neighborhood,0.3,0.9952,0.6482666666666667
50,2,400,50,50,0.75,0.4,3,similar_neighborhood,0.6,0.9864425162689805,0.6415401301518439
175,7,25,50,50,0.75,0.4,3,different_neighborhood,1.0,1.0,0.6835768398268398
171,7,400,50,50,0.75,0.4,3,different_neighborhood,0.6,0.9994742376445847,0.680993690851735
114,5,400,50,50,0.75,0.4,3,similar_neighborhood,0.4,0.9919828968466061,0.6264029930518439
7,0,400,50,50,0.75,0.4,3,similar_neighborhood,0.7,0.986580783682233,0.6379495437466451
172,7,400,50,50,0.75,0.4,3,different_neighborhood,0.7,0.9994591671173607,0.6822606814494321
6,0,400,50,50,0.75,0.4,3,similar_neighborhood,0.6,0.9881209503239741,0.6456533477321814
52,2,400,50,50,0.75,0.4,3,similar_neighborhood,0.8,0.9863373620599054,0.6376773515501839
29,1,400,50,50,0.75,0.4,3,similar_neighborhood,0.7,0.9852863899106674,0.6404361534419338
187,8,33,50,50,0.75,0.4,3,different_neighborhood,0.0,1.0,0.678763440860215
170,7,400,50,50,0.75,0.4,3,different_neighborhood,0.5,0.9989148128052089,0.6741725447639718
188,8,17,50,50,0.75,0.4,3,different_neighborhood,0.1,1.0,0.6569736842105263
72,3,400,50,50,0.75,0.4,3,similar_neighborhood,0.6,0.9876277568585261,0.6522323830016138
189,8,73,50,50,0.75,0.4,3,different_neighborhood,0.2,1.0,0.6495680345572354
198,9,27,50,50,0.75,0.4,3,similar_neighborhood,0.0,1.0,0.6501826722338204
173,7,400,50,50,0.75,0.4,3,different_neighborhood,0.8,0.9994686503719448,0.6738841657810839
190,8,102,50,50,0.75,0.4,3,different_neighborhood,0.3,1.0,0.6502944325481799
191,8,102,50,50,0.75,0.4,3,different_neighborhood,0.4,1.0,0.6605136436597111
93,4,400,50,50,0.75,0.4,3,similar_neighborhood,0.5,0.9887760555852485,0.6548637092463923
194,8,30,50,50,0.75,0.4,3,different_neighborhood,0.7,1.0,0.6681380417335474
195,8,20,50,50,0.75,0.4,3,different_neighborhood,0.8,1.0,0.6876979936642027
169,7,400,50,50,0.75,0.4,3,different_neighborhood,0.4,0.9967355821545157,0.6531556039173014
156,7,400,50,50,0.75,0.4,3,similar_neighborhood,0.2,0.9951742627345844,0.6489276139410187
196,8,40,50,50,0.75,0.4,3,different_neighborhood,0.9,1.0,0.6890666666666667
30,1,400,50,50,0.75,0.4,3,similar_neighborhood,0.8,0.9838187702265372,0.613403451995685
115,5,400,50,50,0.75,0.4,3,similar_neighborhood,0.5,0.9919137466307277,0.6316711590296495
8,0,400,50,50,0.75,0.4,3,similar_neighborhood,0.8,0.9866524292578751,0.6353443673251469
209,9,24,50,50,0.75,0.4,3,different_neighborhood,0.0,1.0,0.652614727854856
177,8,400,50,50,0.75,0.4,3,similar_neighborhood,0.1,0.9978621058257616,0.6643506146445751
31,1,400,50,50,0.75,0.4,3,similar_neighborhood,0.9,0.9845744680851064,0.6235372340425532
158,7,400,50,50,0.75,0.4,3,similar_neighborhood,0.4,0.9946977730646872,0.6558854718981972
53,2,400,50,50,0.75,0.4,3,similar_neighborhood,0.9,0.9855072463768116,0.6362050456253355
192,8,400,50,50,0.75,0.4,3,different_neighborhood,0.5,0.9994694960212201,0.6875331564986737
157,7,400,50,50,0.75,0.4,3,similar_neighborhood,0.3,0.9941427050053249,0.6337859424920128
197,8,400,50,50,0.75,0.4,3,different_neighborhood,1.0,0.9989212513484358,0.6883764832793959
220,10,21,50,50,0.75,0.4,3,similar_neighborhood,0.0,1.0,0.6775
210,9,400,50,50,0.75,0.4,3,different_neighborhood,0.1,0.9994703389830508,0.6675052966101694
73,3,400,50,50,0.75,0.4,3,similar_neighborhood,0.7,0.9827493261455525,0.636522911051213
219,9,16,50,50,0.75,0.4,3,different_neighborhood,1.0,1.0,0.6737265415549598
136,6,400,50,50,0.75,0.4,3,similar_neighborhood,0.4,0.9893219434063001,0.6396155899626268
117,5,400,50,50,0.75,0.4,3,similar_neighborhood,0.7,0.9876609442060086,0.6223175965665236
137,6,400,50,50,0.75,0.4,3,similar_neighborhood,0.5,0.9903121636167922,0.6484122712594187
94,4,400,50,50,0.75,0.4,3,similar_neighborhood,0.6,0.9833690987124464,0.630901287553648
199,9,400,50,50,0.75,0.4,3,similar_neighborhood,0.1,0.9963465553235908,0.6470511482254697
211,9,400,50,50,0.75,0.4,3,different_neighborhood,0.2,0.9978858350951374,0.6606765327695561
216,9,400,50,50,0.75,0.4,3,different_neighborhood,0.7,0.9994649545211343,0.6764312466559658
193,8,400,50,50,0.75,0.4,3,different_neighborhood,0.6,0.9952102182011708,0.6677754124534326
74,3,400,50,50,0.75,0.4,3,similar_neighborhood,0.8,0.9850746268656716,0.6375266524520256
138,6,400,50,50,0.75,0.4,3,similar_neighborhood,0.6,0.9900627615062761,0.6443514644351465
95,4,400,50,50,0.75,0.4,3,similar_neighborhood,0.7,0.9847609038360483,0.6271676300578035
9,0,400,50,50,0.75,0.4,3,similar_neighborhood,0.9,0.9792110874200426,0.6300639658848614
231,10,26,50,50,0.75,0.4,3,different_neighborhood,0.0,1.0,0.6567385444743935
178,8,400,50,50,0.75,0.4,3,similar_neighborhood,0.2,0.995049504950495,0.654015401540154
116,5,400,50,50,0.75,0.4,3,similar_neighborhood,0.6,0.9880174291938998,0.6386165577342048
179,8,400,50,50,0.75,0.4,3,similar_neighborhood,0.3,0.9936238044633369,0.6635228480340064
232,10,135,50,50,0.75,0.4,3,different_neighborhood,0.1,1.0,0.6480245595301655
213,9,400,50,50,0.75,0.4,3,different_neighborhood,0.4,0.9983879634605051,0.6608006448146158
237,10,23,50,50,0.75,0.4,3,different_neighborhood,0.6,1.0,0.6660931709899418
242,11,22,50,50,0.75,0.4,3,similar_neighborhood,0.0,1.0,0.6514666666666666
221,10,400,50,50,0.75,0.4,3,similar_neighborhood,0.1,0.9984309623430963,0.6622646443514645
238,10,41,50,50,0.75,0.4,3,different_neighborhood,0.7,1.0,0.6751176163094615
214,9,400,50,50,0.75,0.4,3,different_neighborhood,0.5,0.9957264957264957,0.6758814102564102
32,1,400,50,50,0.75,0.4,3,similar_neighborhood,1.0,0.981042654028436,0.6419167983149026
200,9,400,50,50,0.75,0.4,3,similar_neighborhood,0.2,0.9948400412796697,0.6500257997936016
239,10,95,50,50,0.75,0.4,3,different_neighborhood,0.8,1.0,0.6766404199475066
212,9,400,50,50,0.75,0.4,3,different_neighborhood,0.3,0.9952279957582184,0.6591993637327678
241,10,15,50,50,0.75,0.4,3,different_neighborhood,1.0,1.0,0.689513998943476
218,9,400,50,50,0.75,0.4,3,different_neighborhood,0.9,0.9973390101117616,0.6745609366684406
217,9,400,50,50,0.75,0.4,3,different_neighborhood,0.8,0.9956639566395664,0.6666666666666666
253,11,24,50,50,0.75,0.4,3,different_neighborhood,0.0,1.0,0.6417748917748918
159,7,400,50,50,0.75,0.4,3,similar_neighborhood,0.5,0.9888594164456234,0.6347480106100796
234,10,400,50,50,0.75,0.4,3,different_neighborhood,0.3,0.9989479221462388,0.653603366649132
236,10,400,50,50,0.75,0.4,3,different_neighborhood,0.5,0.9994663820704376,0.6594183564567769
96,4,400,50,50,0.75,0.4,3,similar_neighborhood,0.8,0.9834490122797651,0.638681260010678
139,6,400,50,50,0.75,0.4,3,similar_neighborhood,0.7,0.9879452054794521,0.6423287671232877
75,3,400,50,50,0.75,0.4,3,similar_neighborhood,0.9,0.9781216648879403,0.630469583778015
254,11,39,50,50,0.75,0.4,3,different_neighborhood,0.1,1.0,0.6697297297297298
233,10,400,50,50,0.75,0.4,3,different_neighborhood,0.2,0.9983624454148472,0.6673034934497817
54,2,400,50,50,0.75,0.4,3,similar_neighborhood,1.0,0.9803386127799016,0.6164664117968324
180,8,400,50,50,0.75,0.4,3,similar_neighborhood,0.4,0.9916098584163607,0.6404037755637126
264,12,22,50,50,0.75,0.4,3,similar_neighborhood,0.0,1.0,0.662547017732402
97,4,400,50,50,0.75,0.4,3,similar_neighborhood,0.9,0.9829787234042553,0.6263297872340425
259,11,11,50,50,0.75,0.4,3,different_neighborhood,0.6,1.0,0.6495163890381516
260,11,30,50,50,0.75,0.4,3,different_neighborhood,0.7,1.0,0.6801587301587302
262,11,13,50,50,0.75,0.4,3,different_neighborhood,0.9,1.0,0.6927631578947369
261,11,43,50,50,0.75,0.4,3,different_neighborhood,0.8,1.0,0.6892707240293809
263,11,21,50,50,0.75,0.4,3,different_neighborhood,1.0,1.0,0.6812071692145493
240,10,400,50,50,0.75,0.4,3,different_neighborhood,0.9,0.9989165763813651,0.6779523293607801
10,0,400,50,50,0.75,0.4,3,similar_neighborhood,1.0,0.9770176376269375,0.6214591127739177
257,11,400,50,50,0.75,0.4,3,different_neighborhood,0.4,0.9994711792702274,0.659439450026441
275,12,26,50,50,0.75,0.4,3,different_neighborhood,0.0,1.0,0.6405585106382978
201,9,400,50,50,0.75,0.4,3,similar_neighborhood,0.3,0.9925133689839573,0.6474598930481283
222,10,400,50,50,0.75,0.4,3,similar_neighborhood,0.2,0.9946524064171123,0.6533422459893048
235,10,400,50,50,0.75,0.4,3,different_neighborhood,0.4,0.9952203929899097,0.6668879447689856
98,4,400,50,50,0.75,0.4,3,similar_neighborhood,1.0,0.9823623730625334,0.6201229289150187
202,9,400,50,50,0.75,0.4,3,similar_neighborhood,0.4,0.9925133689839573,0.643048128342246
160,7,400,50,50,0.75,0.4,3,similar_neighborhood,0.6,0.9875608436992969,0.6325040562466198
277,12,19,50,50,0.75,0.4,3,different_neighborhood,0.2,1.0,0.6611343439623628
181,8,400,50,50,0.75,0.4,3,similar_neighborhood,0.5,0.9892066918510524,0.6471937398812736
243,11,400,50,50,0.75,0.4,3,similar_neighborhood,0.1,0.9968337730870712,0.6445910290237467
278,12,20,50,50,0.75,0.4,3,different_neighborhood,0.3,1.0,0.6597110754414125
223,10,400,50,50,0.75,0.4,3,similar_neighborhood,0.3,0.9931614939505523,0.6493950552340874
256,11,400,50,50,0.75,0.4,3,different_neighborhood,0.3,0.9973544973544973,0.6787037037037037
162,7,400,50,50,0.75,0.4,3,similar_neighborhood,0.8,0.9858342077649528,0.6256558237145855
118,5,400,50,50,0.75,0.4,3,similar_neighborhood,0.8,0.9826275787187839,0.6399294245385451
286,13,25,50,50,0.75,0.4,3,similar_neighborhood,0.0,1.0,0.6601861993428259
258,11,400,50,50,0.75,0.4,3,different_neighborhood,0.5,0.9984067976633032,0.675385023898035
140,6,400,50,50,0.75,0.4,3,similar_neighborhood,0.8,0.9835456475583864,0.6330944798301487
203,9,400,50,50,0.75,0.4,3,similar_neighborhood,0.5,0.9915833771699105,0.6328248290373487
244,11,400,50,50,0.75,0.4,3,similar_neighborhood,0.2,0.9968569931901519,0.6561026715557884
255,11,400,50,50,0.75,0.4,3,different_neighborhood,0.2,0.9967373572593801,0.6639477977161501
281,12,37,50,50,0.75,0.4,3,different_neighborhood,0.6,1.0,0.660168598524763
279,12,87,50,50,0.75,0.4,3,different_neighborhood,0.4,1.0,0.6668026101141925
161,7,400,50,50,0.75,0.4,3,similar_neighborhood,0.7,0.9893333333333333,0.6405333333333333
119,5,400,50,50,0.75,0.4,3,similar_neighborhood,0.9,0.9813233724653149,0.6248665955176094
283,12,22,50,50,0.75,0.4,3,different_neighborhood,0.8,1.0,0.6869692144373672
76,3,400,50,50,0.75,0.4,3,similar_neighborhood,1.0,0.977491961414791,0.6357181136120043
284,12,17,50,50,0.75,0.4,3,different_neighborhood,0.9,1.0,0.686965811965812
215,9,400,50,50,0.75,0.4,3,different_neighborhood,0.6,0.9887218045112782,0.6736036519871106
297,13,29,50,50,0.75,0.4,3,different_neighborhood,0.0,1.0,0.6626070663811563
285,12,16,50,50,0.75,0.4,3,different_neighborhood,1.0,1.0,0.6901013874066169
265,12,400,50,50,0.75,0.4,3,similar_neighborhood,0.1,0.9963235294117647,0.6563813025210085
308,14,34,50,50,0.75,0.4,3,similar_neighborhood,0.0,1.0,0.6574074074074074
303,13,47,50,50,0.75,0.4,3,different_neighborhood,0.6,1.0,0.6733104540654699
276,12,400,50,50,0.75,0.4,3,different_neighborhood,0.1,0.9973016729627631,0.6651376146788991
224,10,400,50,50,0.75,0.4,3,similar_neighborhood,0.4,0.9917525773195877,0.6430412371134021
307,13,29,50,50,0.75,0.4,3,different_neighborhood,1.0,1.0,0.6951058201058201
299,13,400,50,50,0.75,0.4,3,different_neighborhood,0.2,0.9994594594594595,0.6632432432432432
301,13,400,50,50,0.75,0.4,3,different_neighborhood,0.4,0.9994612068965517,0.6664870689655172
280,12,400,50,50,0.75,0.4,3,different_neighborhood,0.5,0.9973516949152542,0.676906779661017
298,13,400,50,50,0.75,0.4,3,different_neighborhood,0.1,0.9978471474703983,0.6719590958019376
120,5,400,50,50,0.75,0.4,3,similar_neighborhood,1.0,0.9808612440191388,0.6341041998936736
163,7,400,50,50,0.75,0.4,3,similar_neighborhood,0.9,0.9840510366826156,0.6257309941520468
282,12,400,50,50,0.75,0.4,3,different_neighborhood,0.7,0.9973118279569892,0.6594086021505376
306,13,400,50,50,0.75,0.4,3,different_neighborhood,0.9,0.9994638069705094,0.6810991957104557
302,13,400,50,50,0.75,0.4,3,different_neighborhood,0.5,0.9983818770226537,0.67138619201726
300,13,400,50,50,0.75,0.4,3,different_neighborhood,0.3,0.9973333333333333,0.6566666666666666
305,13,400,50,50,0.75,0.4,3,different_neighborhood,0.8,0.9989183342347214,0.6744186046511628
183,8,400,50,50,0.75,0.4,3,similar_neighborhood,0.7,0.9861333333333333,0.6304
319,14,25,50,50,0.75,0.4,3,different_neighborhood,0.0,1.0,0.6540773653946681
204,9,400,50,50,0.75,0.4,3,similar_neighborhood,0.6,0.9874727668845316,0.6485566448801743
225,10,400,50,50,0.75,0.4,3,similar_neighborhood,0.5,0.9911041339612768,0.6351386708529566
141,6,400,50,50,0.75,0.4,3,similar_neighborhood,0.9,0.9810400866738895,0.6491061755146262
266,12,400,50,50,0.75,0.4,3,similar_neighborhood,0.2,0.994700582935877,0.6558028616852146
287,13,400,50,50,0.75,0.4,3,similar_neighborhood,0.1,0.9962365591397849,0.6494623655913978
321,14,28,50,50,0.75,0.4,3,different_neighborhood,0.2,1.0,0.6699844881075491
268,12,400,50,50,0.75,0.4,3,similar_neighborhood,0.4,0.9951664876476907,0.6342642320085929
322,14,82,50,50,0.75,0.4,3,different_neighborhood,0.3,1.0,0.6719426406926406
330,15,19,50,50,0.75,0.4,3,similar_neighborhood,0.0,1.0,0.6723726114649682
324,14,52,50,50,0.75,0.4,3,different_neighborhood,0.5,1.0,0.6683618843683083
267,12,400,50,50,0.75,0.4,3,similar_neighborhood,0.3,0.9928845101258894,0.6521620142309797
325,14,45,50,50,0.75,0.4,3,different_neighborhood,0.6,1.0,0.6886917372881356
246,11,400,50,50,0.75,0.4,3,similar_neighborhood,0.4,0.9920550847457628,0.6373146186440678
328,14,22,50,50,0.75,0.4,3,different_neighborhood,0.9,1.0,0.6833420639078052
164,7,400,50,50,0.75,0.4,3,similar_neighborhood,1.0,0.9844420600858369,0.6099785407725322
326,14,103,50,50,0.75,0.4,3,different_neighborhood,0.7,1.0,0.6685466946484785
304,13,400,50,50,0.75,0.4,3,different_neighborhood,0.7,0.9962486602357985,0.6755091103965702
182,8,400,50,50,0.75,0.4,3,similar_neighborhood,0.6,0.9845002672367718,0.639497594869054
309,14,400,50,50,0.75,0.4,3,similar_neighborhood,0.1,0.9963786859803414,0.6593378168649767
341,15,20,50,50,0.75,0.4,3,different_neighborhood,0.0,1.0,0.6677861364857604
142,6,400,50,50,0.75,0.4,3,similar_neighborhood,1.0,0.978953049109552,0.6390987587695629
288,13,400,50,50,0.75,0.4,3,similar_neighborhood,0.2,0.9946780202235231,0.6416977115486961
245,11,400,50,50,0.75,0.4,3,similar_neighborhood,0.3,0.9896739130434783,0.6512228260869565
320,14,400,50,50,0.75,0.4,3,different_neighborhood,0.1,0.9983660130718954,0.6538671023965141
226,10,400,50,50,0.75,0.4,3,similar_neighborhood,0.6,0.9888947646747752,0.6320729772607087
343,15,26,50,50,0.75,0.4,3,different_neighborhood,0.2,1.0,0.6578878406708596
344,15,36,50,50,0.75,0.4,3,different_neighborhood,0.3,1.0,0.673708288482239
185,8,400,50,50,0.75,0.4,3,similar_neighborhood,0.9,0.9844836811128946,0.6266720171214554
205,9,400,50,50,0.75,0.4,3,similar_neighborhood,0.7,0.9867794817556849,0.6435748281332628
289,13,400,50,50,0.75,0.4,3,similar_neighborhood,0.3,0.9946581196581197,0.6392895299145299
352,16,28,50,50,0.75,0.4,3,similar_neighborhood,0.0,1.0,0.6556300268096514
184,8,400,50,50,0.75,0.4,3,similar_neighborhood,0.8,0.9835281615302869,0.6279224229543039
329,14,400,50,50,0.75,0.4,3,different_neighborhood,1.0,0.9994697773064687,0.6923382820784729
248,11,400,50,50,0.75,0.4,3,similar_neighborhood,0.6,0.9893730074388948,0.6473166843783209
351,15,100,50,50,0.75,0.4,3,different_neighborhood,1.0,1.0,0.6805993690851735
323,14,400,50,50,0.75,0.4,3,different_neighborhood,0.4,0.9962345346960731,0.6558633674018289
247,11,400,50,50,0.75,0.4,3,similar_neighborhood,0.5,0.9886914378029079,0.6370490037695208
331,15,400,50,50,0.75,0.4,3,similar_neighborhood,0.1,0.9968586387434555,0.6569371727748691
269,12,400,50,50,0.75,0.4,3,similar_neighborhood,0.5,0.9904711487559555,0.6553732133403918
310,14,400,50,50,0.75,0.4,3,similar_neighborhood,0.2,0.99418911780243,0.6349709455890121
363,16,30,50,50,0.75,0.4,3,different_neighborhood,0.0,1.0,0.6530311158798283
346,15,400,50,50,0.75,0.4,3,different_neighborhood,0.5,0.9989333333333333,0.6672
347,15,400,50,50,0.75,0.4,3,different_neighborhood,0.6,0.99892530897367,0.6710102095647501
348,15,400,50,50,0.75,0.4,3,different_neighborhood,0.7,0.9989235737351991,0.6655005382131324
327,14,400,50,50,0.75,0.4,3,different_neighborhood,0.8,0.9962039045553145,0.6732646420824295
206,9,400,50,50,0.75,0.4,3,similar_neighborhood,0.8,0.9855923159018143,0.6229989327641409
365,16,33,50,50,0.75,0.4,3,different_neighborhood,0.2,1.0,0.6540130151843818
227,10,400,50,50,0.75,0.4,3,similar_neighborhood,0.7,0.9847689075630253,0.6507352941176471
350,15,400,50,50,0.75,0.4,3,different_neighborhood,0.9,0.9989406779661016,0.6880296610169492
345,15,400,50,50,0.75,0.4,3,different_neighborhood,0.4,0.9973361747469366,0.6783431006925945
311,14,400,50,50,0.75,0.4,3,similar_neighborhood,0.3,0.9941050375133976,0.6480439442658092
364,16,208,50,50,0.75,0.4,3,different_neighborhood,0.1,1.0,0.6744692433315188
290,13,400,50,50,0.75,0.4,3,similar_neighborhood,0.4,0.9916839916839917,0.6591735966735967
249,11,400,50,50,0.75,0.4,3,similar_neighborhood,0.7,0.9882352941176471,0.6397058823529411
374,17,28,50,50,0.75,0.4,3,similar_neighborhood,0.0,1.0,0.6318157033805889
353,16,400,50,50,0.75,0.4,3,similar_neighborhood,0.1,0.9978529253891573,0.6517713365539453
332,15,400,50,50,0.75,0.4,3,similar_neighborhood,0.2,0.9962666666666666,0.6328
342,15,400,50,50,0.75,0.4,3,different_neighborhood,0.1,0.9952102182011708,0.6381053751995742
207,9,400,50,50,0.75,0.4,3,similar_neighborhood,0.9,0.982646420824295,0.6213394793926247
349,15,400,50,50,0.75,0.4,3,different_neighborhood,0.8,0.9972870320130223,0.6588442756375474
228,10,400,50,50,0.75,0.4,3,similar_neighborhood,0.8,0.9845333333333334,0.6430666666666667
385,17,22,50,50,0.75,0.4,3,different_neighborhood,0.0,1.0,0.6551494130202775
291,13,400,50,50,0.75,0.4,3,similar_neighborhood,0.5,0.990625,0.6544270833333333
366,16,400,50,50,0.75,0.4,3,different_neighborhood,0.3,0.9989310529128808,0.6722340994120791
208,9,400,50,50,0.75,0.4,3,similar_neighborhood,1.0,0.9834842834310069,0.6246670218433671
186,8,400,50,50,0.75,0.4,3,similar_neighborhood,1.0,0.979858464888405,0.6389493739793141
372,16,171,50,50,0.75,0.4,3,different_neighborhood,0.9,1.0,0.693345804382683
373,16,400,50,50,0.75,0.4,3,different_neighborhood,1.0,0.9994722955145119,0.691820580474934
312,14,400,50,50,0.75,0.4,3,similar_neighborhood,0.4,0.9936034115138592,0.6320628997867804
367,16,400,50,50,0.75,0.4,3,different_neighborhood,0.4,0.9983940042826552,0.6705032119914347
292,13,400,50,50,0.75,0.4,3,similar_neighborhood,0.6,0.9912996193583469,0.626563349646547
396,18,36,50,50,0.75,0.4,3,similar_neighborhood,0.0,1.0,0.6533602150537634
375,17,400,50,50,0.75,0.4,3,similar_neighborhood,0.1,0.9984093319194062,0.6467391304347826
390,17,270,50,50,0.75,0.4,3,different_neighborhood,0.5,1.0,0.6551587301587302
394,17,16,50,50,0.75,0.4,3,different_neighborhood,0.9,1.0,0.6896052631578947
271,12,400,50,50,0.75,0.4,3,similar_neighborhood,0.7,0.9871175523349437,0.6426462694578636
371,16,400,50,50,0.75,0.4,3,different_neighborhood,0.8,0.9983827493261456,0.6850404312668463
369,16,400,50,50,0.75,0.4,3,different_neighborhood,0.6,0.9968536969061353,0.6769795490298899
386,17,400,50,50,0.75,0.4,3,different_neighborhood,0.1,0.9983888292158969,0.658297529538131
354,16,400,50,50,0.75,0.4,3,similar_neighborhood,0.2,0.994066882416397,0.6434735706580367
334,15,400,50,50,0.75,0.4,3,similar_neighborhood,0.4,0.9940796555435952,0.655005382131324
370,16,400,50,50,0.75,0.4,3,different_neighborhood,0.7,0.9972677595628415,0.6663934426229509
395,17,92,50,50,0.75,0.4,3,different_neighborhood,1.0,1.0,0.6846620908130939
389,17,400,50,50,0.75,0.4,3,different_neighborhood,0.4,0.9989333333333333,0.6749333333333334
270,12,400,50,50,0.75,0.4,3,similar_neighborhood,0.6,0.9850187265917603,0.6388443017656501
407,18,18,50,50,0.75,0.4,3,different_neighborhood,0.0,1.0,0.6667981072555205
355,16,400,50,50,0.75,0.4,3,similar_neighborhood,0.3,0.9947201689545935,0.649155227032735
410,18,42,50,50,0.75,0.4,3,different_neighborhood,0.3,1.0,0.6587447478991597
333,15,400,50,50,0.75,0.4,3,similar_neighborhood,0.3,0.9919006479481641,0.6640118790496761
250,11,400,50,50,0.75,0.4,3,similar_neighborhood,0.8,0.9842733188720173,0.6401843817787418
387,17,400,50,50,0.75,0.4,3,different_neighborhood,0.2,0.9968536969061353,0.6583639223911903
314,14,400,50,50,0.75,0.4,3,similar_neighborhood,0.6,0.9893786510886883,0.644583112055231
251,11,400,50,50,0.75,0.4,3,similar_neighborhood,0.9,0.98311345646438,0.6344327176781003
368,16,400,50,50,0.75,0.4,3,different_neighborhood,0.5,0.9946004319654428,0.6626619870410367
391,17,400,50,50,0.75,0.4,3,different_neighborhood,0.6,0.9989406779661016,0.6763771186440678
418,19,31,50,50,0.75,0.4,3,similar_neighborhood,0.0,1.0,0.6599412079102085
392,17,400,50,50,0.75,0.4,3,different_neighborhood,0.7,0.9978869519281564,0.6768357105124142
376,17,400,50,50,0.75,0.4,3,similar_neighborhood,0.2,0.9957035445757251,0.6639366272824919
414,18,18,50,50,0.75,0.4,3,different_neighborhood,0.7,1.0,0.6753731343283582
388,17,400,50,50,0.75,0.4,3,different_neighborhood,0.3,0.995100707675558,0.6668481219379423
229,10,400,50,50,0.75,0.4,3,similar_neighborhood,0.9,0.9796027911969941,0.6394256575415995
408,18,400,50,50,0.75,0.4,3,different_neighborhood,0.1,0.9983974358974359,0.6606570512820513
313,14,400,50,50,0.75,0.4,3,similar_neighborhood,0.5,0.9871244635193133,0.6263412017167382
411,18,400,50,50,0.75,0.4,3,different_neighborhood,0.4,0.9989429175475687,0.6812896405919662
272,12,400,50,50,0.75,0.4,3,similar_neighborhood,0.8,0.9852786540483701,0.6307833859095688
336,15,400,50,50,0.75,0.4,3,similar_neighborhood,0.6,0.9903173749327595,0.6453738569123184
393,17,400,50,50,0.75,0.4,3,different_neighborhood,0.8,0.9967550027041644,0.6667117360735533
429,19,29,50,50,0.75,0.4,3,different_neighborhood,0.0,1.0,0.6655061596143546
230,10,400,50,50,0.75,0.4,3,similar_neighborhood,1.0,0.9812633832976445,0.6354389721627409
293,13,400,50,50,0.75,0.4,3,similar_neighborhood,0.7,0.9855382967327263,0.6345741831815748
409,18,400,50,50,0.75,0.4,3,different_neighborhood,0.2,0.9973361747469366,0.6461108151305275
398,18,400,50,50,0.75,0.4,3,similar_neighborhood,0.2,0.9967793880837359,0.6541867954911433
356,16,400,50,50,0.75,0.4,3,similar_neighborhood,0.4,0.9910761154855643,0.6435695538057743
432,19,40,50,50,0.75,0.4,3,different_neighborhood,0.3,1.0,0.653041825095057
397,18,400,50,50,0.75,0.4,3,similar_neighborhood,0.1,0.9968102073365231,0.6499202551834131
416,18,400,50,50,0.75,0.4,3,different_neighborhood,0.9,0.9989165763813651,0.6825568797399784
412,18,400,50,50,0.75,0.4,3,different_neighborhood,0.5,0.9973016729627631,0.6760658391797085
430,19,400,50,50,0.75,0.4,3,different_neighborhood,0.1,0.9994655264564404,0.6612773917691074
413,18,400,50,50,0.75,0.4,3,different_neighborhood,0.6,0.9968421052631579,0.6635526315789474
439,19,36,50,50,0.75,0.4,3,different_neighborhood,1.0,1.0,0.679084619478446
377,17,400,50,50,0.75,0.4,3,similar_neighborhood,0.3,0.9920424403183024,0.6505305039787799
415,18,400,50,50,0.75,0.4,3,different_neighborhood,0.8,0.9978847170809095,0.6669751454257007
273,12,400,50,50,0.75,0.4,3,similar_neighborhood,0.9,0.9830508474576272,0.6185116525423728
419,19,400,50,50,0.75,0.4,3,similar_neighborhood,0.1,0.9967776584317938,0.6552094522019334
315,14,400,50,50,0.75,0.4,3,similar_neighborhood,0.7,0.9846723044397463,0.6183932346723044
431,19,400,50,50,0.75,0.4,3,different_neighborhood,0.2,0.9967514889009204,0.6383324309691392
335,15,400,50,50,0.75,0.4,3,similar_neighborhood,0.5,0.9881974248927039,0.6400214592274678
357,16,400,50,50,0.75,0.4,3,similar_neighborhood,0.5,0.9886547811993517,0.6434359805510534
338,15,400,50,50,0.75,0.4,3,similar_neighborhood,0.8,0.9862651875330164,0.6361595351294242
438,19,400,50,50,0.75,0.4,3,different_neighborhood,0.9,0.9994731296101159,0.6911222339304531
436,19,400,50,50,0.75,0.4,3,different_neighborhood,0.7,0.9994783515910276,0.6773604590505999
316,14,400,50,50,0.75,0.4,3,similar_neighborhood,0.8,0.9862433862433863,0.6416666666666667
252,11,400,50,50,0.75,0.4,3,similar_neighborhood,1.0,0.9767195767195768,0.6288359788359789
294,13,400,50,50,0.75,0.4,3,similar_neighborhood,0.8,0.9820769636267791,0.6439114391143912
437,19,400,50,50,0.75,0.4,3,different_neighborhood,0.8,0.9989264626945786,0.6778046162104133
379,17,400,50,50,0.75,0.4,3,similar_neighborhood,0.5,0.9930629669156884,0.6380736392742796
417,18,400,50,50,0.75,0.4,3,different_neighborhood,1.0,0.9956942949407965,0.6754574811625403
420,19,400,50,50,0.75,0.4,3,similar_neighborhood,0.2,0.9951974386339381,0.6452774813233725
378,17,400,50,50,0.75,0.4,3,similar_neighborhood,0.4,0.9915164369034994,0.6553552492046659
399,18,400,50,50,0.75,0.4,3,similar_neighborhood,0.3,0.9941551540913921,0.6532943676939427
400,18,400,50,50,0.75,0.4,3,similar_neighborhood,0.4,0.993059263214095,0.6377469300587293
274,12,400,50,50,0.75,0.4,3,similar_neighborhood,1.0,0.9808510638297873,0.6280585106382979
337,15,400,50,50,0.75,0.4,3,similar_neighborhood,0.7,0.985553772070626,0.6330925628678438
359,16,400,50,50,0.75,0.4,3,similar_neighborhood,0.7,0.9893786510886883,0.6360860329261816
434,19,400,50,50,0.75,0.4,3,different_neighborhood,0.5,0.9967862881628281,0.6687198714515266
435,19,400,50,50,0.75,0.4,3,different_neighborhood,0.6,0.9962080173347779,0.6755146262188516
380,17,400,50,50,0.75,0.4,3,similar_neighborhood,0.6,0.9892241379310345,0.6294450431034483
433,19,400,50,50,0.75,0.4,3,different_neighborhood,0.4,0.9913793103448276,0.6650053879310345
421,19,400,50,50,0.75,0.4,3,similar_neighborhood,0.3,0.9930555555555556,0.6392895299145299
358,16,400,50,50,0.75,0.4,3,similar_neighborhood,0.6,0.9875675675675676,0.644054054054054
317,14,400,50,50,0.75,0.4,3,similar_neighborhood,0.9,0.9861333333333333,0.6328
339,15,400,50,50,0.75,0.4,3,similar_neighborhood,0.9,0.98544474393531,0.6249326145552561
295,13,400,50,50,0.75,0.4,3,similar_neighborhood,0.9,0.9790096878363832,0.6298439181916039
360,16,400,50,50,0.75,0.4,3,similar_neighborhood,0.8,0.9869109947643979,0.650130890052356
318,14,400,50,50,0.75,0.4,3,similar_neighborhood,1.0,0.9790996784565916,0.6287513397642015
402,18,400,50,50,0.75,0.4,3,similar_neighborhood,0.6,0.9908256880733946,0.63815434430653
381,17,400,50,50,0.75,0.4,3,similar_neighborhood,0.7,0.9861036878674505,0.6407001603420631
422,19,400,50,50,0.75,0.4,3,similar_neighborhood,0.4,0.9924690693921463,0.6363636363636364
401,18,400,50,50,0.75,0.4,3,similar_neighborhood,0.5,0.9887760555852485,0.6521913415285944
361,16,400,50,50,0.75,0.4,3,similar_neighborhood,0.9,0.9836065573770492,0.6244050766790058
296,13,400,50,50,0.75,0.4,3,similar_neighborhood,1.0,0.9770911028236547,0.6294619072988812
340,15,400,50,50,0.75,0.4,3,similar_neighborhood,1.0,0.9792773645058448,0.638682252922423
404,18,400,50,50,0.75,0.4,3,similar_neighborhood,0.8,0.9873817034700315,0.651813880126183
383,17,400,50,50,0.75,0.4,3,similar_neighborhood,0.9,0.9871726349545697,0.6270710849812934
425,19,400,50,50,0.75,0.4,3,similar_neighborhood,0.7,0.9903846153846154,0.6574519230769231
423,19,400,50,50,0.75,0.4,3,similar_neighborhood,0.5,0.9880043620501636,0.6393129770992366
403,18,400,50,50,0.75,0.4,3,similar_neighborhood,0.7,0.9844420600858369,0.6232564377682404
382,17,400,50,50,0.75,0.4,3,similar_neighborhood,0.8,0.9816849816849816,0.6227106227106227
424,19,400,50,50,0.75,0.4,3,similar_neighborhood,0.6,0.9888475836431226,0.6176314391927775
426,19,400,50,50,0.75,0.4,3,similar_neighborhood,0.8,0.9859535386277688,0.6274986493787142
362,16,400,50,50,0.75,0.4,3,similar_neighborhood,1.0,0.9757511860832894,0.6251976805482341
384,17,400,50,50,0.75,0.4,3,similar_neighborhood,1.0,0.9787347155768208,0.6212121212121212
405,18,400,50,50,0.75,0.4,3,similar_neighborhood,0.9,0.9797008547008547,0.6292735042735043
406,18,400,50,50,0.75,0.4,3,similar_neighborhood,1.0,0.9794412229836584,0.6386399578281498
427,19,400,50,50,0.75,0.4,3,similar_neighborhood,0.9,0.9801714898177921,0.6303590568060021
428,19,400,50,50,0.75,0.4,3,similar_neighborhood,1.0,0.9805300162249865,0.6226338561384532
